awareness,conscientiousness,stress,neuroticism,risk_tolerance,connectivity,attack_type
0.49963209507789,0.7887131998138216,0.18513292883861965,0.519081785136218,0.26170568373590597,0.8275189221063031,ransomware
0.960571445127933,0.6752674564408843,0.5419009473783581,0.47918187762973097,0.24697879907199982,0.7645277946547177,social_engineering
0.7855951534491241,0.5166693314004294,0.8729458358764083,0.025642065806435688,0.9062545805210367,0.5735289514555733,ransomware
0.6789267873576293,0.869656513794864,0.7322248864095612,0.34124782762615635,0.2495461998495061,0.9560471436119331,ransomware
0.3248149123539492,0.7793118207877154,0.8065611478614497,0.38019561878585706,0.271949726128631,0.20047451552840279,phishing
0.32479561626896214,0.4138318575414239,0.6587833667107174,0.3988227808969005,0.7593982624179637,0.10926421030962141,social_engineering
0.24646688973455957,0.9376490291456897,0.6922765645178525,0.5801723692273323,0.44973984245054,0.8539619669554221,ransomware
0.8929409166199482,0.8757760700462183,0.8491956515653193,0.5336025467268785,0.7767105569551812,0.4391498166337483,social_engineering
0.6808920093945671,0.9648599393043468,0.24966800885918594,0.6079050927934446,0.06536615756438524,0.8469688542070605,ransomware
0.7664580622368364,0.808003655871852,0.4894249636431405,0.7648832615421283,0.4875711936733843,0.8930902051954149,social_engineering
0.21646759543664196,0.7293906371550528,0.22120944181960223,0.8129857387160935,0.03361360018328263,0.06245759361907144,phishing
0.9759278817295955,0.5927701254034332,0.987668007996647,0.7181230762264944,0.06265320345535452,0.8834647629860607,social_engineering
0.8659541126403374,0.9529099383478092,0.9440593396866133,0.9555236959549347,0.906437453344411,0.4483190553694222,social_engineering
0.36987128854262097,0.9062447226502858,0.0394268113685059,0.01823258267636163,0.13924537111759516,0.5104324890042322,ransomware
0.3454599737656805,0.33165306907433256,0.7055751725156885,0.1957779856835461,0.5324206822752171,0.6265925110932102,ransomware
0.3467236078827471,0.3184568821480764,0.9252483174156658,0.00756287497814212,0.41109560260070654,0.9263826067300868,ransomware
0.4433937943676302,0.5635243568146346,0.18057534512733353,0.647474714154603,0.3473433262588427,0.01911609442976403,social_engineering
0.6198051453057903,0.867387331547283,0.5679452305526295,0.8980305489499869,0.8998333456872725,0.4768434683178171,social_engineering
0.5455560149136927,0.991093290520461,0.9154882975880418,0.24348229657629927,0.0218233967754895,0.6877220424305607,ransomware
0.43298331215843355,0.4052918237724697,0.03394597858579884,0.9270345447963066,0.6637896861755891,0.7227069576982285,social_engineering
0.6894823157779036,0.7158915007464945,0.6974202672468399,0.06026739028956085,0.9633944342135504,0.692532431537108,ransomware
0.3115950885216335,0.566623599641715,0.29734900737255077,0.9344360268055143,0.5601681834618419,0.13443512940812186,social_engineering
0.43371571882817456,0.9789400784702222,0.9243961953765304,0.3516226872396344,0.9368224620330918,0.29939558837168123,ransomware
0.4930894746349534,0.8894832461949961,0.9710582451653678,0.10142082844921652,0.05225787928602377,0.35871552541701346,ransomware
0.5648559873736287,0.8868300932977965,0.9442664891134339,0.48587175918632564,0.4187933190741614,0.804437207679505,ransomware
0.8281407691144109,0.6280852118564791,0.47421421665746377,0.25677656772050794,0.26015779096205116,0.278759872414553,social_engineering
0.3597390257266878,0.5903736516363656,0.8620426509893134,0.28487290196192283,0.7308209649807298,0.21070496386720317,ransomware
0.6113875507308894,0.4913849503514943,0.8445493985350704,0.3072899649262866,0.9812970904972467,0.9574480190380962,ransomware
0.673931655089634,0.339462847655649,0.31910047324325563,0.8030258978326634,0.2565300624442478,0.0088632851134689,social_engineering
0.2371603301759982,0.9053056633785372,0.8289154741506773,0.5391612766752545,0.6541746014740745,0.9978208556819782,ransomware
0.6860358815211507,0.8690307063910543,0.03700763471549262,0.31130769915600365,0.19809763275974013,0.6768212988573956,none
0.33641929894983325,0.9998023713002914,0.596269878482053,0.6103337833109184,0.5653302545716099,0.8284692994491171,ransomware
0.2520412743882236,0.9976457859517337,0.23000883728770305,0.7161506742231936,0.4639324866883362,0.29461939634619316,phishing
0.9591084298026666,0.6888021939218392,0.12056688577727881,0.27262400073353377,0.9720053296315371,0.014315277667059978,none
0.9725056264596476,0.8382911906263573,0.07695320162920916,0.4135491015253515,0.6085272726964666,0.73786951856153,none
0.8467178784931689,0.9613360109176996,0.6962887758781398,0.12188609333694755,0.3495063720868188,0.8341445970006758,ransomware
0.4436910153386966,0.8947531734741879,0.33987496376806614,0.18114934953468032,0.11409578488793337,0.7404761319535191,ransomware
0.2781376912051071,0.4731436712202383,0.7247667715287615,0.6811178539649828,0.15124682873493456,0.1428502873008386,social_engineering
0.7473864212097255,0.6153808947170655,0.06535634079894237,0.18143834769562694,0.2253169299512351,0.7534279222569691,none
0.552121994991681,0.39041159060604647,0.31529033783061033,0.5251633836670602,0.250966661340298,0.768922782107641,social_engineering
0.2976305878758231,0.9678357190811057,0.5394912923753372,0.7090462617224327,0.8506160578411378,0.6585405156700549,ransomware
0.5961415280890162,0.724322244115616,0.7907231648389635,0.10687692309474384,0.5612227882825249,0.7661159327955862,ransomware
0.22751081689217473,0.46004996385242386,0.3187525029320699,0.5673122196289035,0.5233909113743664,0.8459214396777321,ransomware
0.9274563216630257,0.7701904790840997,0.6258913764370091,0.25656278370136376,0.11476887186921747,0.6136041142374584,social_engineering
0.40702398528001354,0.732689768320527,0.8859777482361871,0.9629268752375798,0.860139693349435,0.08860471396967906,social_engineering
0.7300178274831857,0.5507139026229884,0.6158631881823046,0.4835456467199247,0.7228143032084837,0.48762780966721087,social_engineering
0.4493688608715288,0.3794903145397403,0.23295947475363377,0.8059925497751581,0.06766836190000158,0.07764933467160506,social_engineering
0.6160544169422487,0.7701012369149597,0.02440078155653802,0.5502265421562618,0.7078350972297687,0.40754303103243084,none
0.6373682234746237,0.6642153906326552,0.8700988739009299,0.043412532854819164,0.5435382173426461,0.40710648912562764,ransomware
0.3478835644204217,0.8406228742149475,0.021269410850387138,0.6331513755940223,0.08172534574677826,0.06600984414024158,phishing
0.9756677022116469,0.6641144507783954,0.8747016726841994,0.951403342206657,0.45830064152865646,0.3488205339694793,social_engineering
0.8201062586888916,0.8965270502229781,0.528937134027212,0.6016118201463312,0.484696287130047,0.11099809879131484,social_engineering
0.9515991532513514,0.6863347871421398,0.9390676985128962,0.8191888594267902,0.16577454016327575,0.8082352100092222,social_engineering
0.9158618803421191,0.6926565800747704,0.7987832357736654,0.8842064633484078,0.9456981470002823,0.9476880259644708,social_engineering
0.6783199830488682,0.9136575218608415,0.9979341105333375,0.22807977194893247,0.8499753714806619,0.0723164752579386,ransomware
0.9374993880184935,0.5824380063486779,0.35071181545171015,0.21204483990822665,0.6690223373291083,0.9551152072917014,ransomware
0.2707940016415356,0.3938106599154485,0.7671882889311269,0.6109809888509917,0.4622955610006072,0.5225765993367452,ransomware
0.3567862899353162,0.32014787341933726,0.40193091360924216,0.4110284698067047,0.4117655415845085,0.2995656779538739,social_engineering
0.23618183112843047,0.8285960789715332,0.47987562030390885,0.8398613028667203,0.6509734671509542,0.07686207527616351,phishing
0.4602642646106115,0.7342166859474252,0.6275054632183701,0.9000231233980112,0.5454318694069055,0.5006242680704178,social_engineering
0.5109418317515856,0.7928558376694564,0.8736771141863388,0.3534213793027181,0.062273105881885615,0.7945155444907487,ransomware
0.41707922541911674,0.4490749130562375,0.9840834691992951,0.23687055897448206,0.5125026487703317,0.7070864772666982,ransomware
0.8629900073215435,0.39546003291073883,0.7682734138645182,0.7805255152438618,0.8064036172328395,0.05022601146397376,social_engineering
0.4854026613548714,0.31018126596751733,0.41776678216733376,0.2748060355481361,0.45923987759695806,0.07290183536790351,social_engineering
0.4247476077499046,0.5454112911646178,0.4213570022770702,0.8226143185136784,0.05195657755426841,0.4028732826326371,phishing
0.6341568665265989,0.7129423807982431,0.7375823015888915,0.42373825364876283,0.7862781993840331,0.2952904940479433,social_engineering
0.31273937997981016,0.5745708315698126,0.23877714576830233,0.6675498992914705,0.2013637821359744,0.23238432305604784,phishing
0.8417575846032318,0.6062324454166104,0.11047411313139466,0.09553531383466818,0.2586208348880388,0.2810044989087136,none
0.2596405149438167,0.9329110861456238,0.35462215764077654,0.623859324676573,0.1647063534322959,0.8034827432968846,ransomware
0.9895095492804139,0.5437788269163102,0.28723899165408173,0.4517676787372291,0.33021506487149754,0.9292280536318539,social_engineering
0.8177958154373259,0.6597926424118675,0.2963081204559901,0.5866084631754741,0.756751505688635,0.4051026945275664,social_engineering
0.35897254522733796,0.8485571089188001,0.23360775104990994,0.16801420774486342,0.5193858595039373,0.9061110021324971,ransomware
0.20441769369888194,0.5775799476248891,0.04209318963636188,0.7368737449441821,0.20488127415071256,0.32149570124788196,phishing
0.8523691427638673,0.7354606901595114,0.01787393473341381,0.8627970775432285,0.8778300781520408,0.4764369863437916,social_engineering
0.7654858750780937,0.9036545961227216,0.9877223897360315,0.21673980009077565,0.8795818549515292,0.22602899781599972,social_engineering
0.7832057344327898,0.9646644365603494,0.42777313373586234,0.09571455552016173,0.8705784250460069,0.640476042175844,ransomware
0.8170162773487566,0.4029514366503265,0.3843266471596817,0.023638586046336396,0.23879621138153928,0.9789811151748089,ransomware
0.2592357213872723,0.9486113376130461,0.6796472826930698,0.641971500443266,0.4512393441809881,0.6034930960433786,ransomware
0.48677258283541813,0.6444814051556768,0.21825388786506417,0.6070940360887808,0.9849896561408751,0.35781408411354887,social_engineering
0.2926952476201038,0.4807710718092708,0.9499611839502253,0.54669741271407,0.7720124763099904,0.6478174459905284,ransomware
0.8904827407004748,0.6213950293667829,0.786345014415552,0.23194709611597542,0.027167421225559818,0.12292067846538757,social_engineering
0.6986385014620464,0.9860228026998339,0.08941100231225951,0.39090599590551467,0.06520459126049205,0.8886590802653986,ransomware
0.46471841988211937,0.6448326657950086,0.41758077578492836,0.594476335186173,0.46393137681233276,0.5030839507798364,ransomware
0.2508466802288189,0.5301261272012557,0.8791183075621647,0.4967668588591694,0.9092202058615602,0.44934974203964206,ransomware
0.4487858573725298,0.743380598021708,0.9447320222914103,0.9877855202148873,0.5387017979527142,0.5858647884535192,social_engineering
0.46014665762139767,0.46810193314473514,0.4674015112498697,0.13643975255673313,0.4978125080342902,0.6247838627894025,ransomware
0.7836849426704513,0.35310432967606475,0.6134113892107077,0.6951445540475938,0.10547369995663058,0.07177580622651303,social_engineering
0.7100459770841705,0.3902158053374544,0.16703394609207523,0.4043187681042921,0.656780104724294,0.6826172212234024,social_engineering
0.9097701940610613,0.3896320872704407,0.9911686261369765,0.42819961492561476,0.8221031606002255,0.24193168031552958,social_engineering
0.5777719401295595,0.40633188545860605,0.2316717013834434,0.7175977656581762,0.38042000750756233,0.7139526325065898,social_engineering
0.29567539675064136,0.39717902085458706,0.9427317741351257,0.6924361513243696,0.7756118509253275,0.8225347943841967,ransomware
0.770595829778396,0.7486123213622502,0.6496466489923685,0.9912559937021883,0.9644766539008116,0.8039585075525203,social_engineering
0.808628038893518,0.42731605907940134,0.6077367948788591,0.12839428945412523,0.2037664591276891,0.5525009674078891,social_engineering
0.649021758055597,0.5419670983267042,0.5126885110165086,0.10410964938416634,0.5233296311947413,0.5201698923107512,ransomware
0.8167737439636489,0.9277518869342082,0.2306698117177587,0.7243388171287412,0.28713795808457554,0.14287596133941172,social_engineering
0.5950364770915126,0.6317731481840106,0.17652803200550826,0.5783869170064091,0.7928544190338394,0.7753461504031356,ransomware
0.6181862635055952,0.767290416964719,0.22048620907017535,0.27416066655980587,0.5775933658811575,0.27140938044671437,none
0.5420328146868397,0.42062390984114084,0.18643826214425452,0.0794193689889866,0.6345824175503038,0.49669542281794654,none
0.22033530139527616,0.4346023131660695,0.7795844735667533,0.08565824959643054,0.7979141596158941,0.2842740929275167,ransomware
0.28631314159464355,0.3286080313865352,0.3501252591667301,0.8941908746641183,0.3959704726624549,0.13382836299969314,social_engineering
0.22514334854938742,0.41825454415051516,0.05784267656339637,0.1918673247187429,0.9150900684070432,0.6295576968917366,ransomware
0.7091283290110244,0.495013237322371,0.9691026301408113,0.32337156211552076,0.53302886724614,0.05433203482290383,social_engineering
0.45148478486106136,0.42390733899372274,0.8837858849634257,0.22665640222698802,0.157954822835348,0.7486452341262,ransomware
0.6068565529317622,0.36209177362993894,0.927752283195213,0.3549963058319373,0.6958991181688025,0.31758679526111666,social_engineering
0.9260531791408745,0.38444510977042057,0.9949078226464353,0.06942384274609337,0.7932613504382544,0.00013469300448532007,social_engineering
0.39943378331909996,0.622545137622908,0.1738952492194873,0.5190597909082704,0.31676167706752667,0.5111291392372298,ransomware
0.5283063384285038,0.44443360288405476,0.39624201890265875,0.0676125635922149,0.857179256998753,0.046851908527603126,social_engineering
0.804440910834439,0.5549889027336528,0.7582384757040913,0.8003565078223616,0.9061432547657664,0.27616955782089947,social_engineering
0.383038532393298,0.6523920895983998,0.6960206180537922,0.23371208191043302,0.2769044873778089,0.7069764874557162,ransomware
0.2615839278630344,0.7832763800405557,0.15389590633985506,0.5400119146045106,0.9835214727152221,0.06268962162186587,none
0.43180116233101445,0.32751849788876924,0.8158331249906178,0.8800790875614583,0.14071152804875842,0.8393384923560023,social_engineering
0.32897702980320354,0.8595872792363298,0.22444057183666066,0.6508773690471942,0.20201566840248997,0.003819922658583108,phishing
0.9437581218740585,0.7395302726436354,0.22381761482262308,0.5329577865513353,0.18422483923802613,0.24682386920190225,none
0.8464963036515336,0.35723132236421035,0.5369744228934136,0.3243337531153756,0.8939897100078704,0.7409040561520714,social_engineering
0.7067230052083389,0.911505036874744,0.5929399348417032,0.33300191305819793,0.6542925523249619,0.3162701497293068,social_engineering
0.8971684721501743,0.9446106803722691,0.5800862078378112,0.6694869551981901,0.15210428322227287,0.10189238806601353,social_engineering
0.8429376615192916,0.34275457189840464,0.09148683739775487,0.9941393612211675,0.440323418368349,0.3602339188004279,social_engineering
0.3492560471088287,0.4938143537030426,0.8774608626303804,0.6618391898493786,0.615298025069802,0.27039328638452553,social_engineering
0.9140471987919823,0.8643408958551428,0.26560004258870606,0.5577834173700249,0.08346408498938329,0.8427119021605549,none
0.6314737935325206,0.8237817832685608,0.12951492128280417,0.7306505102392461,0.8824163684073387,0.31334791758514313,social_engineering
0.8459521241312501,0.4291647135494641,0.8887480798689772,0.46520561228371815,0.8036035354415352,0.7889324717760072,social_engineering
0.9168730399387947,0.4465445263356972,0.9556514982297534,0.060142342600785215,0.5052067735766382,0.8918721448107347,ransomware
0.4544027799774911,0.5593304719539673,0.8621276172654506,0.5622968158779098,0.9671266152591704,0.43381741957652953,social_engineering
0.2880415396221414,0.6391660896337149,0.8095160747248781,0.9576252845053802,0.4177609792750997,0.909943143854392,ransomware
0.3823481300335534,0.7327783400712071,0.6552419806390217,0.17530294235765964,0.9841103190364978,0.37731805396319285,ransomware
0.5416862309010051,0.5582395476988407,0.5508573706091393,0.6900048908206657,0.6679199988036271,0.9640784164901082,ransomware
0.8544118127379945,0.6237743012932035,0.08698675991141014,0.20093368865905648,0.6346712732539415,0.08928952452557293,none
0.8885844666050748,0.8232296566936296,0.4084532130706987,0.5358276844730813,0.165954895295785,0.6870192665032427,social_engineering
0.20556170442495258,0.3256782420234185,0.372688517012314,0.09667644964671962,0.881927758304644,0.49381404045692867,ransomware
0.6085978420620526,0.4767058610408145,0.2597537837603262,0.45037093625818514,0.42748968792061515,0.38764880545564706,social_engineering
0.5339288025190232,0.7993447101191866,0.7234201136885849,0.7561633288952461,0.16223340578247936,0.6327118787486009,ransomware
0.3776862483765842,0.9266447863810395,0.4958757350787708,0.3475715242389821,0.01260751997575904,0.7038570916343312,ransomware
0.29589229386694627,0.6581742094809663,0.08104621590764793,0.664911724487218,0.5597556836383826,0.004363269650309087,social_engineering
0.4700921371229024,0.6724794396857209,0.22018320194981134,0.7954499607897292,0.5273996221226763,0.16695308874719872,social_engineering
0.9543277631300153,0.37502040793784325,0.6832587636595959,0.9271778194794527,0.7193536223691586,0.7130460506343187,social_engineering
0.4585623456166042,0.6131886567764182,0.07613085949030018,0.23464208185545354,0.8902580530178021,0.6663854135782065,ransomware
0.6150324973946929,0.6728320865185162,0.8512069140487687,0.39931591580930814,0.07940658464302952,0.9660475051286772,ransomware
0.7624151671161423,0.46972935254431075,0.4951465270139743,0.15241601333041743,0.7314964903403623,0.761037790250783,ransomware
0.4909036819034352,0.48847026166456664,0.480586577326648,0.9924835021583752,0.18741194409758222,0.950772707731338,social_engineering
0.9774256661767686,0.5640989141732359,0.5924077846595176,0.9270009679242953,0.858177053157164,0.702540501534807,social_engineering
0.969957835953689,0.3140498384444084,0.8246809659251492,0.5399571302805596,0.8190635138616561,0.29805220863944315,social_engineering
0.40142583666029136,0.5254554159082248,0.34780920790219305,0.8420332943764213,0.5407937549855444,0.10536492225085647,social_engineering
0.5977988047139083,0.44801360489758124,0.6780161525590636,0.5209579772720422,0.7102427986233115,0.7818238633449356,ransomware
0.44070264785341573,0.5292481465245402,0.5657319639957911,0.6235856880027597,0.3143501131837484,0.6441492214759159,ransomware
0.4278723955019741,0.38383349227347585,0.2670282701694213,0.08912443211601662,0.47116789893281463,0.04818601239329623,none
0.22950955788362626,0.9233690965179264,0.878629986355158,0.7552704204968079,0.8216368977104717,0.36005046590097833,ransomware
0.6876514671839176,0.715514717487834,0.7974260216069281,0.12771348363523483,0.4592651971732139,0.9567998154842862,ransomware
0.6021432185830893,0.7753716234011426,0.6584518346584255,0.8260676302525284,0.3577982653254418,0.5004011457102012,social_engineering
0.2411830009999915,0.8524198670251367,0.8505817290942419,0.7820280876703859,0.4942124472502999,0.43272913601970464,phishing
0.4229171713892892,0.6489095392503401,0.8672942009598024,0.7087446977429764,0.8282492524372184,0.457699605159294,social_engineering
0.926612708773323,0.3608442016611966,0.7083629767150348,0.036160380524762115,0.33520804737087273,0.20888272400516372,social_engineering
0.39164951253357794,0.6759745792729834,0.837013328363672,0.3031283559453286,0.1737615931357438,0.3687071708647952,ransomware
0.3159158976729785,0.7107887826146153,0.6974714616692836,0.26311256991084286,0.7120140203307808,0.3698132559871766,ransomware
0.5915622082220504,0.821807631929031,0.6801407717603004,0.3601364074715191,0.8259782127080818,0.0523550201874724,social_engineering
0.9885203632884806,0.6021616823607755,0.6186113782151843,0.08764274676383854,0.10063747852353333,0.7675676285179183,ransomware
0.39364421720920034,0.38930621195689463,0.7527166395576412,0.9369578230310628,0.23987411275594472,0.416504431903879,social_engineering
0.7377084379247029,0.4986431340591071,0.1586051052930737,0.5538022407123763,0.1419719897609939,0.8221798868164233,social_engineering
0.8092956922629742,0.5541576074790445,0.8808707591989284,0.30552431065802355,0.3479414115821666,0.8503480011198954,ransomware
0.39011003519391974,0.7521420689321208,0.871843527745232,0.3969815170742834,0.45035097890541265,0.21199405469865806,ransomware
0.7825730788894877,0.6995448132682383,0.029247283034559146,0.44720254050483565,0.7488263369633065,0.6573534821701286,none
0.4942265061754026,0.5492677081284923,0.8258167505647627,0.6005943333606173,0.6511475848816741,0.4722818041629817,social_engineering
0.7058446644748636,0.9905606741550858,0.1288698674734452,0.5156794276964978,0.6209285674784312,0.8801567379214851,ransomware
0.7068237686087158,0.7240423735498209,0.3351188542591419,0.9193919732144173,0.3523749466096544,0.21574067917645412,social_engineering
0.6286197472598068,0.4660587542151961,0.7435082562916078,0.49696348290583026,0.8414475530847599,0.6778132003100442,social_engineering
0.27223181604352664,0.3712477308342826,0.1607598960483082,0.9921580148233127,0.47128716739816456,0.6077521222527226,social_engineering
0.8682419964713904,0.4070013974290324,0.8179670241190622,0.8514249577450957,0.9791049380151545,0.2953014775718328,social_engineering
0.4566240519773887,0.47217040986915565,0.8321341779577419,0.2085105143573358,0.6341421382957368,0.1366009036511726,social_engineering
0.3492148083198834,0.4124769612816889,0.5074677337608362,0.9305952146439163,0.12626474156450274,0.6516397604772766,social_engineering
0.23262011324381116,0.430596916835914,0.00638587171683358,0.11636639788547609,0.676177562075434,0.7385974581323307,ransomware
0.6727143545505935,0.49956661808569297,0.2870381331749128,0.8174497084911916,0.325104015431699,0.31562734376335,social_engineering
0.7420514894738259,0.4213615167063284,0.6169269183757422,0.3806232934765801,0.6863271966860974,0.6448326040223138,social_engineering
0.21327026314228492,0.9277357972384975,0.9811861780274235,0.8779743204450695,0.06964114816240574,0.39513090761150327,phishing
0.6096744466394248,0.35616362196314955,0.6318135270166684,0.8680566901074503,0.1748814371759594,0.7132068832826177,social_engineering
0.3811966201583504,0.6671579726991782,0.2598035810641598,0.8059254001176211,0.8557372589057863,0.1992152748940531,social_engineering
0.7161382323275599,0.587277778892763,0.6340057030996114,0.7900304363070614,0.2271795570235149,0.8902150026361744,social_engineering
0.33949314320399315,0.9876650318360244,0.5399853797158555,0.3046791390980408,0.83704112524294,0.28740959646557973,ransomware
0.7527501904819728,0.37842723151763663,0.7798453951511436,0.08091928305125218,0.27927608845441043,0.3677859877561529,social_engineering
0.50938827704043,0.5784989193320191,0.10698063882695841,0.40298017876516146,0.6428819100587077,0.058091952080349785,none
0.9493839909893876,0.9786293032927581,0.761027902502028,0.17352451498650867,0.694150573509831,0.1115122123212764,none
0.3100167553167946,0.9058549881257861,0.5412665786761103,0.6949510889024617,0.5126547531450529,0.5158619027123281,ransomware
0.47285308084020683,0.8719504496644959,0.9629920038589946,0.34609972653778553,0.3053106766967313,0.2675926767279715,ransomware
0.29077881699247127,0.4805319789314579,0.3418721660386861,0.9756102008599149,0.21264437637109612,0.8354802257421944,ransomware
0.9397548946228502,0.4196213111730461,0.6326218931339481,0.640972077345332,0.03318935456242622,0.014693388654953843,social_engineering
0.9018714827047849,0.7680502539471017,0.9320281055100175,0.822480563634361,0.3039464012407238,0.3790940486719362,social_engineering
0.4063533021721245,0.95056319238931,0.10250972799067926,0.13252467274184843,0.653162790531283,0.3373455467690927,ransomware
0.7279872368273432,0.6897340251097508,0.9372284872364511,0.8620144822726226,0.9383048184484827,0.019327630917601035,social_engineering
0.8537777601609727,0.7001288826289298,0.6878857223008134,0.9227571905133943,0.871204482263052,0.12436839900051022,social_engineering
0.64416064927957,0.4959853655621989,0.0678370591051719,0.4870619188189359,0.7660647765353026,0.41364267491863527,social_engineering
0.6237204626848052,0.8386450532343558,0.30096356694681625,0.6062529377509774,0.7884473432532987,0.49286458444744663,ransomware
0.39348183272036136,0.4309306239902663,0.7081720886452816,0.7648098009029954,0.6649849034759953,0.4042897472548691,social_engineering
0.27448221424471936,0.5265754654829705,0.0673506014687717,0.17483862726041255,0.260286857566003,0.5309376784120938,ransomware
0.9177726063626614,0.5978055070314917,0.5821704601762733,0.5025660764634424,0.9071950307058299,0.5951316749056815,social_engineering
0.9203344457306644,0.6553272650791184,0.34588305695295674,0.3986630277723131,0.670732311905834,0.00992382112783563,social_engineering
0.7064811658186144,0.4696868126905561,0.6209155177674771,0.1463739921622491,0.56044063098044,0.4640951594535039,social_engineering
0.4712238328389606,0.38038577731744244,0.04574203381251285,0.36753442229153144,0.11098946921348107,0.9634992408875883,ransomware
0.47936765969012873,0.7274340297091427,0.8715368061523763,0.06817230938549357,0.4470555438064254,0.5190322801295487,ransomware
0.7807645430961916,0.502041387268179,0.9734889691773969,0.025811906949486985,0.4603582712019263,0.6775422674589532,ransomware
0.9176882079620617,0.7068667549958285,0.9688778552856915,0.13516628915482276,0.86456360952267,0.3118638579168832,social_engineering
0.9096691394120939,0.4080539006919416,0.7496518317429247,0.9631151115891738,0.5466482201877885,0.7739913781527625,social_engineering
0.8239004366860991,0.6367980712983722,0.13008624013063197,0.549529535895017,0.38040054897040965,0.7729214818761151,social_engineering
0.7136253169234302,0.6728126027861101,0.7582631959290226,0.96582216115322,0.9768003285106593,0.521296047654139,social_engineering
0.26731197199603907,0.3362764757756988,0.02458691645880151,0.432497878330132,0.11072059332631567,0.9760138232792136,ransomware
0.329302971275691,0.5356229947357444,0.022123551528997254,0.3118161330852596,0.4225484283119446,0.12555021476265338,none
0.9188433508216635,0.39409027385728196,0.32361021914954125,0.5061418628402441,0.04202467517140529,0.016947664889580993,social_engineering
0.685143247727672,0.3443624793309374,0.48864319040466575,0.4395116886329101,0.7399041207669304,0.770158211757096,social_engineering
0.20735764129330372,0.9929721626729616,0.7704074178077932,0.10566468426174391,0.9180765521991506,0.8071555373648825,ransomware
0.2811772342928257,0.5256476914823061,0.6832953766065052,0.6408263146902062,0.28003732955048943,0.12020722912057624,social_engineering
0.7308014152864447,0.8669121120982444,0.44590270637674834,0.2160381825095996,0.8583416767991209,0.2655828329586061,none
0.20404926707697496,0.4782484583346347,0.2736266662816659,0.6195879548978296,0.29221823046189777,0.01755236336662891,phishing
0.32864644113399893,0.7770519055567504,0.9971245001577111,0.6502010923981534,0.9107701616439152,0.2933086107805647,social_engineering
0.638987031493269,0.8321595019227805,0.42618130223597295,0.1520248531286481,0.7539619035967839,0.7731418739186715,ransomware
0.7535161581541546,0.716947118425491,0.4513870243296755,0.06134962711066816,0.8049067768414386,0.5179605277125789,ransomware
0.7215690076020804,0.6301033319851108,0.16362382119166918,0.7807615860684398,0.0180065556004545,0.3480955931682881,social_engineering
0.37941544756844786,0.588288639903088,0.7948095487499294,0.4598004237693202,0.962810357074026,0.3717392949063303,ransomware
0.7697433770780288,0.5442077865800967,0.6936822257814886,0.05816379550547579,0.7266709920703233,0.0013536257154681541,social_engineering
0.3897992699974401,0.950670400973478,0.2207696127887604,0.9948663171697671,0.3047510953861333,0.2998005275652359,phishing
0.4603197585274142,0.8814335854514104,0.0823810456158427,0.05778056099636664,0.8293946648588469,0.6464587416379305,ransomware
0.7971931240944193,0.9755188374665588,0.6804993020747131,0.6950352288585532,0.28152119841492995,0.9741944438163571,ransomware
0.7197063192377717,0.3870080564398813,0.6545112142811352,0.9836789252634136,0.872753839566128,0.8470608269838995,social_engineering
0.8793787283953424,0.811607232642551,0.2732595269982093,0.23918010421592562,0.11258039041193701,0.023594964645529126,none
0.7260903138402748,0.9568383197747264,0.9508635622504104,0.14224936868719618,0.7036859774607958,0.8985606046748393,ransomware
0.6546468826683773,0.42686314631596206,0.15105789178090023,0.1213849394224289,0.5406984766449103,0.7831984132986259,ransomware
0.274939814262474,0.3465473871567442,0.4323348010426019,0.30327514756759555,0.09653447019544081,0.7803761235709804,ransomware
0.49417264244754683,0.8187844545030413,0.9436159201675989,0.10104581101064669,0.24189382825883898,0.4579957590035715,ransomware
0.4121618941453804,0.7021311792259383,0.4197273169261223,0.6921613416941319,0.01240403627731479,0.3980052929545028,phishing
0.39519171470326686,0.8892801437307903,0.6385259476640855,0.06229179813006269,0.46876796546450583,0.3029157288331926,ransomware
0.9784084438019565,0.39784066363840265,0.3975943979627943,0.5094221281497897,0.3012652607600004,0.06569485895436578,social_engineering
0.5144781797334084,0.8566871183019231,0.27421520234867003,0.9966968538529768,0.5983574842977588,0.2282353634936991,social_engineering
0.9136372441416907,0.44113912403342115,0.9839776479598282,0.8139702695060188,0.2972378077086172,0.24660363497802462,social_engineering
0.7049109007978104,0.41455916000599313,0.409334006315043,0.6152194382310109,0.2999191115069847,0.4840770697102016,social_engineering
0.8358490428333187,0.414986058551695,0.8940992036791344,0.30625362078661167,0.7431931987316034,0.747444406596694,social_engineering
0.6021096744841538,0.8702023041619674,0.22995460589108618,0.6238958362916385,0.04814283597835345,0.4738098283979466,phishing
0.6615231077010874,0.76563805448734,0.2131047040250833,0.5270414639116516,0.9028949951919872,0.057844449447160606,none
0.5940141550550911,0.6661457973383835,0.03113408288451136,0.4260833838903715,0.8522638743911815,0.9577898009882039,ransomware
0.35619439023843563,0.5511813388864517,0.651666825375885,0.13071037674019947,0.6678046832264065,0.9427243190941123,ransomware
0.7779616922092043,0.9140403785691757,0.36852634372376114,0.8866042152404667,0.5932215701073843,0.7851895431484084,social_engineering
0.4246178899526847,0.5747115751958447,0.864358249839637,0.4497846488213225,0.8923024981396522,0.9913279015642206,ransomware
0.2194527731451631,0.8716196076301039,0.47320990669155716,0.19462251182076507,0.18533017952871444,0.5444823328002629,ransomware
0.7163778367257343,0.6073944359991529,0.9681934279147217,0.3677593508772896,0.07896916219082861,0.9627683502532061,ransomware
0.34168854352563915,0.5638611005974353,0.18552551570312115,0.41412975252892703,0.2395101699095381,0.07560504061675077,social_engineering
0.9523668674823315,0.6238758499687245,0.8686231679556108,0.8275378955668743,0.7945782787001903,0.3656807482613713,social_engineering
0.96314286160207,0.5109645119148994,0.7765968527917417,0.733614380561402,0.03467026672648332,0.22538126800676583,social_engineering
0.9318915121763589,0.8233265661233757,0.770921844644052,0.7693048936413398,0.5828068350834896,0.19583308413427003,social_engineering
0.49612696020435554,0.6519042730647354,0.8447832281168877,0.011031264428647214,0.9954375161913099,0.14080294889267608,ransomware
0.21236529322309394,0.4625488866027721,0.7610239909429989,0.4161539981797615,0.8556960938375394,0.6224136415659967,ransomware
0.9426548500701804,0.9297022012921978,0.6262203216314154,0.4813441516353236,0.5214456890435895,0.7813218557473051,ransomware
0.5425473186538515,0.568723854961248,0.13124487768238757,0.019192276823056686,0.06364090928664234,0.5782983994203607,ransomware
0.9733238552349357,0.680487002779792,0.032526179491251916,0.2598132087450342,0.8313735143857098,0.14696270958820967,none
0.9708959816714023,0.9345304776751828,0.9208478478156868,0.760289823122135,0.5989785081772105,0.8111237699334709,social_engineering
0.8824075643738881,0.7369665971397944,0.616650314520738,0.13710970572899905,0.11493299705956683,0.6359547071637285,ransomware
0.4355591136556686,0.38182862849585486,0.7965372909761763,0.5353101314525917,0.0938572848233562,0.3881657061269955,social_engineering
0.5080781828815403,0.9578824865294325,0.4815223515125501,0.2152018720172375,0.9096268194365924,0.674130295536063,ransomware
0.8809093372134855,0.7393956371499925,0.11730818896239448,0.012120774643893273,0.6692002629380784,0.25990497924283285,none
0.45353760412502214,0.5344339302599602,0.12518579220255044,0.24120145759954148,0.8292867993167555,0.3451922084942105,none
0.335594197348874,0.39749045086437107,0.6855652872289714,0.9758737549100538,0.8789789002822673,0.9174858431319902,ransomware
0.6454410099666802,0.8558176324892072,0.4303058948994627,0.8015371118829896,0.5717723520483222,0.2905045056714204,social_engineering
0.9489238193286248,0.7340509291499594,0.20052472670033672,0.9595766443210334,0.5174463517550413,0.4699882681579366,social_engineering
0.7568238373399785,0.6734227643834251,0.4915945467414369,0.48785404392636245,0.4304274103209902,0.8901411373960146,ransomware
0.6560489360714921,0.9257248081356703,0.06420893707513409,0.1097361986775035,0.3169465877911193,0.7077213502675275,none
0.2777411950166148,0.8520180478571715,0.5819714019143988,0.547959488973693,0.43459596085871177,0.06220322616470275,phishing
0.6920057813593359,0.4061724158129258,0.26899340443509767,0.4543773345599609,0.7738796557301564,0.14730304427897034,social_engineering
0.9920430800834107,0.5182054474568837,0.7975591006371882,0.844357082739616,0.6019234310151316,0.007841590771916818,social_engineering
0.31206721218921923,0.473942397870126,0.31036195892357377,0.09808258078424459,0.8925232899548461,0.6309217902291634,ransomware
0.6146637218909894,0.8207624048008738,0.4552201490818012,0.4882411370217782,0.4433800143791877,0.4476734254104183,ransomware
0.9018984575423644,0.32347270431504554,0.011620539908100636,0.15004866469398426,0.607089578718754,0.13427485090227553,none
0.7926148942033636,0.6989227794099215,0.07244688779455888,0.32467592689006,0.6313075530919887,0.9579341210567704,ransomware
0.7576125927962144,0.8337210800184833,0.3924935564066848,0.7373570773877997,0.5916971623063255,0.5296597239456199,social_engineering
0.7619872671896875,0.9137359457332246,0.4799388347171235,0.47601812936876653,0.7026337730855163,0.24189329411288918,social_engineering
0.48759292097580414,0.5394572241011352,0.6000205481193037,0.37588828514576933,0.23743346837480628,0.5006035711547075,ransomware
0.4348734754115947,0.8748801132704089,0.29166257870930323,0.3944762785700353,0.5123637775457907,0.6796203327351078,ransomware
0.847488924382811,0.37744221586864507,0.6949818861265425,0.45944676840598664,0.10422480280834767,0.07623921797356448,social_engineering
0.8480907157433446,0.8925166042141627,0.8601223971892046,0.7850165438370569,0.38451132764481255,0.274703815047892,social_engineering
0.893657854864083,0.38924206363238767,0.7798509888933498,0.8920846889402344,0.4876670686212644,0.8069654908839936,social_engineering
0.9305924420451771,0.5781011033922571,0.039618825348357145,0.9553346865039283,0.6522242595454725,0.45966487040266124,social_engineering
0.6090739190887503,0.8581067560456875,0.48050694725782894,0.7869033862552951,0.9505310525862035,0.5465771420322949,social_engineering
0.6012130357497597,0.40494219914414165,0.10493017841817487,0.31540689574801273,0.6006510665483559,0.43281600220946925,social_engineering
0.8386361431734202,0.460475976662849,0.24204501586252747,0.6881347060865421,0.7435939161765598,0.04389994264300512,social_engineering
0.7199711446222121,0.8055767978751464,0.9866625932671464,0.4376031240553919,0.5062660594952028,0.16574977982015593,social_engineering
0.7615735018061627,0.804025575582252,0.14249554290151323,0.2546706220460512,0.6341040313763313,0.4455416387418909,none
0.8366341355488809,0.7488033430197081,0.49888815345135606,0.8408715794259226,0.07093221613377343,0.20918546540792782,social_engineering
0.9120042734540531,0.78576391112697,0.6181557343181191,0.038426348962324997,0.254391580841847,0.04997902865967874,none
0.47039612548122867,0.6799071103433173,0.702464970544104,0.9017619921354235,0.3618530932051387,0.8436496640518237,ransomware
0.5004663621119553,0.4762593412348669,0.5596486834869141,0.46147746462473416,0.47249335500651357,0.9811925291641158,ransomware
0.2751855518726952,0.5419871954527435,0.00977084741918366,0.6372014768082804,0.045648745502383736,0.7931428739967394,ransomware
0.6626241127969392,0.42711840176099797,0.3264613082439919,0.6593539222057827,0.14002409755331768,0.853784921704667,social_engineering
0.22875381903739367,0.9359153929335398,0.5177116433847114,0.8951177407065364,0.2768143077913058,0.24197713031704537,phishing
0.5724784145059681,0.7083742563362843,0.08786649914483335,0.6366696821672073,0.9715326909010507,0.9606269755131998,ransomware
0.6341157077660613,0.5805959917345479,0.35062693120918076,0.6139335847600618,0.33134700710305076,0.19692570445342839,social_engineering
0.42923300170262757,0.6234040625508929,0.033203108791366565,0.06665204056068996,0.48204105811208253,0.9514298103618323,ransomware
0.6726666084552086,0.9630983377282707,0.07857849715502074,0.5184080219452041,0.19609771273839294,0.994819293965951,ransomware
0.22440019995123955,0.4073459821812561,0.39692327620159606,0.15016900081704165,0.6107800710757683,0.7117228057460487,ransomware
0.22987855099937154,0.710360882411758,0.13271575404306035,0.7374337687214856,0.2806832155159743,0.9811437317918219,ransomware
0.8580804485277267,0.6541220752191261,0.5675408482615582,0.5122219208126745,0.20699257843842678,0.5695397795671037,social_engineering
0.4881525131290103,0.7280179648042534,0.6894649691372657,0.6802277792083533,0.5165726284459791,0.25954178317609033,social_engineering
0.30164841012150784,0.31267712867458836,0.8005866991090829,0.041672900602384266,0.005505799160420821,0.43699588566562086,ransomware
0.6177946080438436,0.910486736260906,0.2001502442448101,0.08479201604580322,0.0076640326492253275,0.593560935378786,none
0.8159948424788888,0.9524827977385286,0.16748258225906976,0.7163233880626823,0.21906880910185778,0.07308156202701499,none
0.3726568219974746,0.6955932285124462,0.10456784033440025,0.07208433599867337,0.03672136250082114,0.6223432646172461,ransomware
0.6983123806552003,0.7876555767138246,0.6364302495436367,0.0712567277652586,0.10802575413069138,0.9811778367622945,ransomware
0.2682779719950144,0.9457495668241069,0.7064757264869012,0.01210847523488745,0.3388606493387516,0.19010764978372763,ransomware
0.24134537693488617,0.795067044019379,0.03158614482564204,0.9565013982994801,0.8025856795798129,0.7925951162883833,ransomware
0.6250837052545184,0.4067773300399829,0.9362122462436898,0.737508359459007,0.5720486433693008,0.9078987937796194,social_engineering
0.6325080972880852,0.7034018521167692,0.05197128365147241,0.35325140850206416,0.5126677259564164,0.9437015928202208,ransomware
0.7099439211985653,0.724700532467999,0.5412963353010705,0.2965355812876552,0.29348882320812164,0.9601356044054472,ransomware
0.7808730669781293,0.5968914699116702,0.7090605194509164,0.34970322974584955,0.9317537194328164,0.5214596387214719,social_engineering
0.9806816635700277,0.8155109649373059,0.8709691237460856,0.7746535311811819,0.39701504123719167,0.9773079079915037,social_engineering
0.6130402786409563,0.9540569103383103,0.7140869321324278,0.6613706110704144,0.08709276679577149,0.7573102071344389,ransomware
0.4583651783529968,0.9478979590347434,0.8017280830697918,0.18519556786746794,0.6170665161178013,0.1616714362369619,ransomware
0.836148955814963,0.6155875599828925,0.33945019254280606,0.17410933533408435,0.11383839347660141,0.47690010646797,none
0.4166658010096594,0.3792666320885287,0.8148251137465122,0.09839564971339732,0.3452231428016921,0.718331175372004,ransomware
0.551177136564509,0.9893888392736342,0.08011484638467514,0.6603027197013381,0.5074119387178089,0.24734031581908333,none
0.2627651050738128,0.8872286605121539,0.8948166560605276,0.7643726622217359,0.8742225246851758,0.6406151835488874,ransomware
0.22028059473236603,0.3872638768422868,0.5475923761537362,0.265046428325004,0.49354658034011867,0.6666004790466192,ransomware
0.9701187317423401,0.9445893178321606,0.8172977699624937,0.020944961030912812,0.7022587660316643,0.1626997438085659,none
0.8687840964097647,0.9089274534434898,0.45231828451830014,0.08217166747642735,0.9928168389990704,0.5650853124527563,ransomware
0.7567793648749584,0.6631866399882504,0.643577695196525,0.9678600348450305,0.13148911989798162,0.7716269109786077,social_engineering
0.5271623555314159,0.7138928050214505,0.5264026609361132,0.29544477747742026,0.2747315255195195,0.4988956645359419,ransomware
0.33863545605667666,0.5793018927090912,0.7315895217553319,0.7692231478381336,0.3945760755976464,0.012103116776107425,social_engineering
0.32514963413686887,0.3383331471754219,0.08162998203058958,0.6246635688542638,0.42182817853883137,0.009038469079292177,social_engineering
0.4001943185316763,0.5346380691521306,0.0603520839905638,0.3819396396528959,0.41102107526554577,0.3570293439700122,none
0.6393813317648964,0.861997414018608,0.24710323401014644,0.2056872621955551,0.9076110025565549,0.926194068431782,ransomware
0.7716767381600499,0.303242416103222,0.15954468011318834,0.12138641815940643,0.7140326444668564,0.22867677960360877,social_engineering
0.728157901374185,0.5334494201838009,0.8717835665922017,0.6150129680388666,0.6079052140907037,0.6343636888716871,social_engineering
0.4239471175567543,0.5787180855136603,0.21921398735804432,0.774633780637788,0.3093727178627821,0.22207587069332058,social_engineering
0.9638922245305553,0.676176922056546,0.9758652558191313,0.6439042535411307,0.8237903842212947,0.3216699896595486,social_engineering
0.7903175333566148,0.9438989314889323,0.33689579177110685,0.5303021332491583,0.9550605114849889,0.848042089601484,ransomware
0.6434832420091205,0.5424421960561728,0.18211791568869928,0.041951223431636264,0.8211982825502265,0.7288614422699469,ransomware
0.6893765969874819,0.5428672413273593,0.7896985071424791,0.9684887775943838,0.0015651051914729042,0.09539927731321063,social_engineering
0.535680049942232,0.8162508736768238,0.6587077755008761,0.7987141916545746,0.636401370183407,0.4287020209864336,social_engineering
0.398184791600926,0.616552558622865,0.498195716453139,0.29282203670096474,0.051135381442100725,0.029169763645264468,phishing
0.4847781429210093,0.45722337605798735,0.5553635509376312,0.9799703293588506,0.25760722033372185,0.480890146603009,social_engineering
0.8062768883714954,0.6167076612928853,0.7192017782722638,0.6018815896363221,0.059524700347771686,0.6624340117010681,social_engineering
0.2115147909038047,0.3985999142658599,0.22845474133129873,0.5824226582072465,0.6037954529493877,0.11850262359815156,social_engineering
0.292858112405533,0.42347089055435627,0.9963339160567419,0.7480731794295321,0.6865899134926068,0.28888493890916567,social_engineering
0.23680211361740222,0.6488574409176358,0.9747931621467831,0.8117697880901376,0.11448763806590512,0.3978366255021569,phishing
0.23258304185517611,0.5932478146531835,0.6503256863469369,0.6564786073315027,0.3838388830449795,0.9195310246560497,ransomware
0.8843684672088058,0.94039213074767,0.19954245092914513,0.12809574636620003,0.456236508955542,0.993255015422964,ransomware
0.762926287504019,0.5536757293816431,0.6802282424312913,0.3382675059944984,0.3690530217609166,0.044911298995615856,social_engineering
0.5793390632698602,0.7064118451946304,0.07219840897917584,0.9280836403260497,0.12102500048519305,0.761007923495392,social_engineering
0.2782673285208012,0.7425850015436712,0.030652502205806065,0.22461561184385193,0.4189477901874754,0.37172406640234323,ransomware
0.5932927000934659,0.30916611961183355,0.2576828885112137,0.3721670238375133,0.7511780478084181,0.39245818622948003,social_engineering
0.5787774166244526,0.7644761604116974,0.4626229567393163,0.432076882944196,0.07100766453325547,0.7542649733470227,ransomware
0.33856149592801216,0.424625176808826,0.8682725054083805,0.4394049896944522,0.08018001408190345,0.9184264321454086,ransomware
0.5470813193903784,0.9727492222286186,0.727169069766308,0.6129395824945255,0.3547712918359842,0.9509285945025484,ransomware
0.5188037875178988,0.40406390942717907,0.742706521199981,0.9430758377447076,0.941725711618925,0.5771225860383208,social_engineering
0.6926800784417733,0.5902368866089166,0.42549333444807536,0.24069271183250496,0.668572646722914,0.3571211593005028,none
0.708074920694115,0.3597447676550507,0.3459349925469629,0.12150137630091806,0.6786699566725648,0.7875490858587793,ransomware
0.23624320781763564,0.9978119762921631,0.3710387629846027,0.19747048985993731,0.36191999083786497,0.25100138326230026,ransomware
0.499690091701177,0.6515365072318697,0.9876495637360578,0.8869249002092695,0.5936607912085384,0.5640740288335178,social_engineering
0.7006879325713892,0.7167695121240306,0.04010919141248248,0.645810812655206,0.010131184027743378,0.35857846152487316,none
0.6025090068640702,0.3469535341718992,0.8670314961224486,0.28590678923916013,0.6360960464095422,0.6566310737078761,ransomware
0.8851918729506578,0.8249723292794244,0.5786754085723934,0.8159469389686173,0.9132869475762367,0.2403989128935069,social_engineering
0.726954905295156,0.44693391516691,0.43861541918959046,0.861369996363436,0.6125734683448192,0.19159294573482577,social_engineering
0.3303475416651438,0.9286380026084996,0.7252576604151365,0.846514338690278,0.873698593466345,0.9182390866754371,ransomware
0.2564549979203439,0.443597748337405,0.48666894142470285,0.9189265336395545,0.7239730554660938,0.1018036829495369,social_engineering
0.7139354225650525,0.43348140446456657,0.8734232380816606,0.2522410201733616,0.12055841640369025,0.5059579077349317,social_engineering
0.22120904843329747,0.3255847674936664,0.9007018640112585,0.7550419287462783,0.9024533072858417,0.22085278296300892,social_engineering
0.6686204650187707,0.6304468615769995,0.4217209268734554,0.46053949727414,0.06644384435577488,0.03892996332566745,social_engineering
0.9521841931399662,0.6953887932838314,0.2768277972350516,0.8419985528900615,0.5339674725477638,0.03601881829142639,social_engineering
0.6603793423007032,0.34599604759984665,0.5923503285933622,0.7284906771616132,0.14213712379345766,0.17522177210582734,social_engineering
0.5105359409652176,0.8428693316865074,0.912363345616691,0.7764474464997246,0.011706610730904066,0.8667703545060003,ransomware
0.7146305747538826,0.6173021843236193,0.21066218900566658,0.6561618376810715,0.422034260127639,0.28247874397702666,social_engineering
0.5666023123932133,0.667073188529306,0.6229665835634828,0.17742876946970687,0.29504070765415624,0.9504591705752957,ransomware
0.636493431452748,0.6085339228567597,0.6315602200925206,0.5450269188969383,0.486000493797603,0.5816222929891935,social_engineering
0.9531718470212202,0.5805341426127282,0.733113022415281,0.9846697395245082,0.5771998867345508,0.4366141897687661,social_engineering
0.5088821102406195,0.6917482319157525,0.1315676851272598,0.9373880664971189,0.04373907230894736,0.5800888346694546,social_engineering
0.9689524510591314,0.40866817215149875,0.7158249646820886,0.04317373579701167,0.12300329512374564,0.5166983852262678,social_engineering
0.9242805135648511,0.42734969134668976,0.909032520665641,0.16481481572943713,0.5586423964504253,0.7587762537573252,ransomware
0.3566329078314372,0.903249934709462,0.17968310887024197,0.1317287734545619,0.34316735317265823,0.28249606597285226,ransomware
0.2554890407001324,0.9622808234935428,0.23754332492387764,0.7259799099852955,0.729173487549448,0.3530503916003024,ransomware
0.2806224011019413,0.561316521395827,0.9713950940416396,0.8177853298569451,0.6522916485919397,0.8940943025332507,ransomware
0.2145774605212398,0.4895212712004876,0.18097695270948977,0.2135113663106719,0.8456043629899068,0.9464565131504055,ransomware
0.27555436860474275,0.750799680267311,0.8543850933695791,0.505852692951829,0.6924928266692253,0.8925582274864745,ransomware
0.7464054187330855,0.5861139197686674,0.4922778564480348,0.8407030280112,0.42993107739014813,0.4194479939573136,social_engineering
0.2569509187681832,0.3177704489622414,0.24723107440317704,0.7328015447662506,0.6729666223944324,0.7803655030068817,ransomware
0.45518050423500905,0.40930681815633324,0.8707499012725114,0.5422372054918483,0.2753811742554185,0.4763357333010988,social_engineering
0.8759002487755637,0.8011805601931782,0.4453052550026655,0.5903476904587729,0.3063134987782127,0.4975398521461022,social_engineering
0.2186175485886607,0.761246759337106,0.5148173539296902,0.50836054691628,0.7889851599207933,0.20468010905728395,ransomware
0.8515747860711487,0.31896719475243845,0.3592333693997657,0.2975484513188206,0.4464195164015822,0.5911303032585165,social_engineering
0.42548381981871997,0.45538051335306456,0.5929508514349274,0.5650219928590161,0.7983803405183525,0.18613589775334793,social_engineering
0.294531862097325,0.46175235761164996,0.16352387258502277,0.6888853020500907,0.8224223736682784,0.33156469906719377,social_engineering
0.7573897322913206,0.7703249205191098,0.3910815366517607,0.8733229158608077,0.8575623376612838,0.8550302016199351,social_engineering
0.7031542774239072,0.3137973764280549,0.9694123223352875,0.6362913539792481,0.9166352358412073,0.20707580921085522,social_engineering
0.9019776108216424,0.3728760073892017,0.25813343270112754,0.761121537043158,0.43098522051329624,0.07115828517343281,social_engineering
0.7880568350431086,0.8599412597612325,0.6567366645412922,0.160071634954573,0.31886681832113883,0.0690075926128163,none
0.8427847443078789,0.4249812634380335,0.3251900642246949,0.4615574744197899,0.5821987465941139,0.9407845205031079,social_engineering
0.4256276580570452,0.7569222754963123,0.7734731256866006,0.009331619827093296,0.3711724234376276,0.5069204379618346,ransomware
0.3419516350237783,0.46672794673270857,0.13087366071834983,0.24667886452162302,0.601074166800233,0.40941207181701833,ransomware
0.8004918013126867,0.3696089749315416,0.9698210450785447,0.7264617151130048,0.7055858626438246,0.8108785810079184,social_engineering
0.8454677914138112,0.47022053369961786,0.45378954138363925,0.9918099513493635,0.6884050184921369,0.835825927910516,social_engineering
0.9924041136005387,0.8055868522989613,0.23605046334646396,0.0991780995872159,0.37455288702012135,0.3321910331156046,none
0.5300941415291412,0.8989875276743999,0.07349674733001266,0.40149431586128825,0.16686020169875282,0.6936180574737952,ransomware
0.49761446863422654,0.8811539051968941,0.16975790508754074,0.8000709686991595,0.43052933846220753,0.7711228158518866,ransomware
0.8211303685935976,0.5780284707329183,0.5197739485560177,0.20403563462889884,0.14259414408190874,0.6546506868659545,social_engineering
0.4726428322024143,0.7676595955994523,0.3370031764312863,0.5550849493022862,0.8900970351838083,0.15159507480009937,social_engineering
0.9446058604828518,0.44348900679107467,0.8288833658826095,0.7330712960296748,0.3458774607378574,0.875883083517057,social_engineering
0.8867302014744095,0.5052034111827093,0.43088752366180594,0.615985450260179,0.15445974722332378,0.5390945527360087,social_engineering
0.5431952219000147,0.9274350729647838,0.2487142725876299,0.18802473461541613,0.025447759905750877,0.2824724263700037,none
0.8006968542331979,0.3091013464575152,0.61714498660403,0.3553845686857394,0.6458223862864843,0.4252281854376939,social_engineering
0.8036342992677459,0.35985597159812766,0.7067772168854458,0.7837917844853972,0.6369023174547432,0.03757109039890738,social_engineering
0.2824990950687461,0.4455203786022191,0.16704190790094986,0.5542265141320166,0.34060416658129167,0.12786680122241756,social_engineering
0.9220423253436534,0.3185725427116738,0.16761921628831766,0.005229613542912737,0.071711888847651,0.7655467505158609,none
0.6042018979582857,0.4270048045628581,0.03667142693354297,0.7609907600280938,0.409628894895232,1.1634755366141114e-05,social_engineering
0.8611659728861933,0.7081290926787844,0.7364020150656405,0.03531135494023907,0.3112174950633936,0.4165658284822922,social_engineering
0.4560396808244894,0.5949971854147486,0.6638045276218051,0.7457337827312321,0.6771206397350094,0.5225101810855884,social_engineering
0.9164185827969604,0.9248701977538824,0.4746308757498139,0.2024805601652374,0.6057792494526903,0.054634420000972295,none
0.5113613429873305,0.8722104932169086,0.8441704489691971,0.9580734801193802,0.36459372819754,0.9730781629723328,ransomware
0.2086701211842387,0.5392721461885132,0.8056701529500532,0.3679407513020845,0.2178925542549901,0.22612533124967193,ransomware
0.924305581135411,0.48159640340190474,0.5853543643967521,0.3269316163380791,0.9880359661555919,0.30419871963628087,social_engineering
0.27302934142890684,0.5657846857170868,0.8682712805132586,0.14888805033244468,0.45400162119611487,0.30394251225502733,ransomware
0.4554509100723319,0.7132064597603653,0.20584121003676825,0.3056042154902149,0.688274235780237,0.2304166621173499,none
0.960049573640644,0.48764454857601336,0.11191961939772788,0.8766507618282006,0.14055296757836078,0.001473822086311416,social_engineering
0.960485717550045,0.7369042354943938,0.2697496115169896,0.9963343376272473,0.4855896996593978,0.7293447940879964,social_engineering
0.658750310498629,0.5865881565338683,0.05708685608931485,0.36830953050684834,0.027536719869465487,0.9668454997992854,ransomware
0.7054697697358394,0.6864330265963862,0.531169528001032,0.44861063095454257,0.50545511791045,0.22429348328504506,social_engineering
0.5587564175826558,0.6052885703947216,0.9366056922949615,0.722070938202737,0.9640174071177023,0.6630471918034224,social_engineering
0.43456861735845165,0.5061260316793423,0.03934354066850965,0.8861957804650745,0.3842067129858002,0.7418963269587151,social_engineering
0.4629316362959328,0.9639173148735096,0.1221099140100268,0.5930443341867842,0.03899601257491159,0.8484253790905247,ransomware
0.7380147648616308,0.8345240559118325,0.4521990282834353,0.39152569817782934,0.03095579091934353,0.4226291970136091,ransomware
0.8018996235501441,0.39807922303651677,0.9338750175279049,0.41262184084862374,0.3879867599468695,0.30293090564042924,social_engineering
0.8332632349806789,0.9079275831285389,0.3161561049767505,0.6956181464968069,0.16002493646319405,0.3252951340230311,social_engineering
0.8316945142356431,0.6412018387746595,0.5072348086883924,0.0032182636042786816,0.023352096328185912,0.7126213330985128,ransomware
0.2729648824389523,0.926186558825864,0.0415728590503921,0.6195893374598407,0.7562136139501768,0.816779466505636,ransomware
0.5955362437620652,0.8598986791631206,0.14834320096208886,0.3554930104413574,0.4585230088818907,0.18161396775660266,none
0.24604700801331544,0.5976494531284634,0.9866301229588469,0.7941973312770843,0.2892447719726545,0.3709410081577652,phishing
0.6396231058589885,0.3157285158240822,0.9651186964360455,0.09299063982313216,0.9000831830164807,0.90194019674915,ransomware
0.5532244010987016,0.4880741515694622,0.004939980934409616,0.5882022669483905,0.11613896020052561,0.8066935196947392,social_engineering
0.9101633462066399,0.6791439502626068,0.951811785423239,0.48097288988612374,0.9559188289553192,0.9848584027624758,ransomware
0.480732010041663,0.743434753878303,0.6391199378155004,0.6423255259052274,0.3139667173773528,0.7542482596820808,ransomware
0.2936536131420847,0.48052137980324156,0.8679182945200221,0.06485359448296835,0.8884036723086812,0.39319520102792227,ransomware
0.31439334564226873,0.3975492518509769,0.4547398556338591,0.5799837874281313,0.6029428764794615,0.5906378339946378,ransomware
0.8092085053739778,0.8844511657595093,0.5155960285792502,0.5614845879595237,0.8267073597414875,0.6610142542473203,social_engineering
0.6945744506530089,0.9890815264924865,0.4888465802569202,0.5606600944161709,0.9840131632104643,0.07845581631712395,none
0.28089814089823223,0.6679831276118801,0.6668642575461043,0.6034876665964548,0.2884054378187457,0.5444969591038651,ransomware
0.26728544489199796,0.42017550009381244,0.1396512547563129,0.6764679372263622,0.961135485407593,0.7093208284726096,ransomware
0.7607753051672961,0.49061512856355827,0.029973589872677953,0.8049889996807698,0.38948189490242036,0.16732130400106038,social_engineering
0.25821040509135484,0.3128734735832267,0.3079299415911909,0.26982072012821434,0.3855119047369223,0.7806317174255571,ransomware
0.857488047432285,0.9400091645923493,0.7046807627366467,0.8250494101800621,0.3403871042545057,0.5837727805141116,social_engineering
0.764993781725197,0.3824257580230988,0.20185345212294836,0.4982556822634536,0.5414076073475852,0.9522217856975946,social_engineering
0.26507902451351983,0.7035615328599775,0.6734324333249173,0.07705827913433116,0.1541450431784871,0.042422298206891695,ransomware
0.26787017126815355,0.4918386544810442,0.9699120461072704,0.0585509292439792,0.5537114853580112,0.26532613755546697,ransomware
0.9893116628009404,0.6879246017610553,0.09390071578941839,0.3342383186960608,0.541704812410004,0.6015538792998241,none
0.49941663660489627,0.755994271846305,0.6726021182251263,0.7848969771114676,0.76190181260487,0.2965599122059307,social_engineering
0.49651371765351276,0.8808192625950411,0.44375021930457115,0.7076809347409158,0.8336499619375856,0.7144241640712422,ransomware
0.8502396538060021,0.4444948902324222,0.8681422543775054,0.7886149646724064,0.44044135031242404,0.759005282521931,social_engineering
0.957798861907087,0.3076970800609363,0.1771497894473859,0.5172690564416094,0.30233324935149375,0.10251596406647445,social_engineering
0.9888008510582967,0.3958199410481651,0.6926259522261645,0.44019899795549056,0.25933489731709447,0.5138544642067677,social_engineering
0.8027025482071534,0.9300130492936736,0.8381152896481102,0.14745252670628395,0.19462383670487193,0.5088905555910559,ransomware
0.5010076684247327,0.9117230542937607,0.9446142194740232,0.32819275360931155,0.05764758219902488,0.36928077021554107,ransomware
0.26680057335893503,0.7181891715192158,0.6832480282896458,0.43401936617387527,0.34244797883471334,0.9329248625696721,ransomware
0.8217175327419495,0.7203618023035573,0.4971747640084273,0.08860042967961723,0.27024769213078326,0.8275063198732212,ransomware
0.6467233997886441,0.7655256721823788,0.6178472402012138,0.22061195271121126,0.9664173858664074,0.6972093819096368,ransomware
0.539377607397581,0.4227598950364147,0.8689049844787182,0.5982252940637388,0.5577088262500439,0.7143266357349976,social_engineering
0.9250835080757889,0.9400883621474718,0.5706097466388297,0.7356631142391898,0.34727703903050755,0.4617161438131191,social_engineering
0.2889579858449211,0.5931393674244512,0.03038705969683686,0.9983475113929496,0.580467600993696,0.9209945210965759,ransomware
0.5941000834326874,0.5681969697746482,0.9309486955069778,0.9331133313435577,0.1391967013456955,0.6945954272532854,social_engineering
0.20908291581393526,0.6632423936979862,0.6895267510315611,0.6425651995351915,0.4440437492022029,0.7289810616558164,ransomware
0.5749285135953011,0.3328761767425385,0.6765133857772465,0.421248053294072,0.6262343214210638,0.8616909037873453,social_engineering
0.24504262054546988,0.4163983581292556,0.21567515239771717,0.6361773647082327,0.4888978317924514,0.274071589342191,social_engineering
0.29505433301445755,0.8166235314984592,0.6588854702326572,0.785651618080232,0.40177880065432425,0.807070903866703,ransomware
0.2940209974216839,0.3579590675475885,0.3938644056541585,0.11833619092338732,0.9938483888996982,0.19524060295649204,ransomware
0.7193682416928509,0.7222064766264717,0.6512329770414921,0.40990488969628824,0.880314762148927,0.34534195224488784,social_engineering
0.7968359034123387,0.47174437677692466,0.10659303030799072,0.8398022856356172,0.6234059581594401,0.3356104542698427,social_engineering
0.6666950120777277,0.5725069298293836,0.657845304603036,0.383832951933044,0.5693773611822828,0.9785254683891406,ransomware
0.9697380387796336,0.5020856157394898,0.9994137257706666,0.5718722712271865,0.620660479824584,0.8565372237479268,social_engineering
0.4998964636189633,0.5489709015254643,0.04821203886055603,0.5877693608621982,0.20131210782243325,0.7011698615902597,social_engineering
0.4285696690254886,0.8033321336289718,0.9771741842213173,0.18447625313363936,0.3951377432643186,0.7270567616153901,ransomware
0.8948793025515682,0.5079852009362225,0.4069079607228706,0.3622354416522884,0.03945953289089932,0.5620727944025711,social_engineering
0.37887667081556214,0.696483248207828,0.8707534503372591,0.33451128874193214,0.47554603748682667,0.9470906671085191,ransomware
0.9705780315524891,0.6332352815393697,0.7823854840582735,0.026196708532064794,0.5430245839576632,0.49625875288236154,social_engineering
0.20972357975185307,0.7645698157538536,0.5670162609866678,0.024191763891355245,0.2277497361032096,0.3805177098698945,ransomware
0.9759030613661113,0.9557808175273306,0.7384492092513265,0.8316970436757735,0.9640288471655137,0.163035336931591,social_engineering
0.2345279295604609,0.8128004680471752,0.8785155613013479,0.2730708099728124,0.909454610937242,0.786205652261058,ransomware
0.9129144909584569,0.4504582650135297,0.404140321651033,0.5180787662388154,0.7221432354559059,0.7344439320755914,social_engineering
0.62216088726904,0.32182819454289924,0.3270331615632387,0.29872557358877305,0.5333866287653626,0.3843550385241349,social_engineering
0.9943718368954403,0.48358483100987754,0.6675933855635847,0.9406792451153405,0.869969159647685,0.02519341395922936,social_engineering
0.2590372517883191,0.7165545514901783,0.8078459419412586,0.25929675886577375,0.1306523438234629,0.8389973277180107,ransomware
0.6430834275210566,0.33599806943897526,0.7622851347766157,0.4296568127389351,0.790509794274885,0.011417983454073632,social_engineering
0.9754420284952792,0.6474563730408655,0.7978136488586345,0.8727302504846018,0.1248208139668483,0.703699779629051,social_engineering
0.6184782753361191,0.7177899942418224,0.435583314812933,0.8419335667918086,0.7942106625494054,0.970257109726057,ransomware
0.70351891050821,0.5339707235718726,0.8178342161750216,0.18610141784627732,0.27576756825135695,0.43766132814820347,social_engineering
0.7565989511876938,0.8396385426220753,0.12020905537060844,0.8026433097957104,0.8770905810181889,0.23497340499595276,social_engineering
0.5636328518142186,0.37461877719364023,0.5444890979608495,0.45818688673789265,0.9440420938253978,0.7048710100433817,social_engineering
0.7020464640672508,0.3525964472150661,0.0057586604981215705,0.4829688720853552,0.14879596940511564,0.8171281420155851,social_engineering
0.6674514495384802,0.8097321293425223,0.3245858299002703,0.13347997241594378,0.4626756050653935,0.5464303160778473,ransomware
0.9209264083927913,0.6468439213443389,0.3664615348713979,0.08060151375712465,0.9809873781626851,0.9670352752561462,ransomware
0.2363571042731663,0.7818816774994152,0.3961726916092554,0.7279393069737652,0.4834074359731466,0.0516687216579611,phishing
0.4247705516737843,0.6043791370226224,0.6954672066898622,0.49646115235529975,0.8635475225145451,0.5047955983045281,ransomware
0.960329187261247,0.47248142326737474,0.38855810127034573,0.43685070261517955,0.5887315221313199,0.7184539473225501,social_engineering
0.912211027112733,0.8733716223719398,0.44869362262253065,0.7295082286523967,0.37532990791960186,0.862640471149179,social_engineering
0.5645254022285704,0.8595911152782855,0.23754413087432746,0.7655128989911097,0.2857835555258702,0.17925561190779005,social_engineering
0.6961060782412294,0.7862875295980987,0.3732517916293401,0.15890816766935356,0.20322309108608727,0.8000034817636814,ransomware
0.42190494638490617,0.4905015960609739,0.22726962726315147,0.6102251494776413,0.7617981913776972,0.5527070757185453,ransomware
0.3504969277790091,0.7131614668083609,0.07319592376844364,0.13535408227768553,0.3865405068230279,0.3965536819899632,none
0.5709587239519858,0.5526817278580187,0.6034485933813779,0.7513750860290457,0.5112754622007512,0.13171502857909356,social_engineering
0.48268178242084225,0.3641074513286439,0.6682127985550163,0.6569551562671395,0.4923254800011819,0.8652957589089124,social_engineering
0.6669248894806977,0.9421195028235699,0.6194903460096145,0.956614621083458,0.5772790292331312,0.15727320817971535,social_engineering
0.2621877095719879,0.395773041643273,0.46349404380057235,0.06895801635642118,0.8655771456245522,0.30978785920909924,ransomware
0.9795158461329332,0.9651661476745617,0.3797857801792298,0.05705472115125432,0.9807393435834294,0.2900455319624369,none
0.9889685955836823,0.612204041070569,0.8633336495718252,0.28218707469320015,0.40758420857381694,0.8714140341908543,social_engineering
